College,Degree,Major Code,Major Name,Non-Resident Alien Male,Non-Resident Alien Female,Hispanic/Latino Male,Hispanic/Latino Female,American Indian or Alaska Native Male,American Indian or Alaska Native Female,Asian Male,Asian Female,Black or African American Male,Black or African American Female,Native Hawaiian/Other Pacific Islander Male,Native Hawaiian/Other Pacific Islander Female,White Male,White Female,Two or more races Male,Two or more races Female,Race and Ethnicity Unknown Male,Race and Ethnicity Unknown Female,TotalCollege of Agri Sci and Natl Resources,B1AB,ABUS,Agribusiness,1,,,1,,,,,,,,,27,15,,,,1,45College of Agri Sci and Natl Resources,B1SC,AESC,Agricultural & Env Sci Comm,,,,,,,,,,,,,,3,,,,,3College of Agri Sci and Natl Resources,B1AE,AECN,Agricultural Economics,1,,,,,,,,,,,,27,9,,,,,37College of Agri Sci and Natl Resources,B1ED,AEDU,Agricultural Education,,,,,,,,,,,,,6,19,,,,,25College of Agri Sci and Natl Resources,B1AJ,AJRN,Agricultural Journalism,,,,,,,,,,,,,,7,,,,,7College of Agri Sci and Natl Resources,B1AG,AGRO,Agronomy,,,,,,,,,1,,,,62,8,,,3,,74College of Agri Sci and Natl Resources,B1AS,ASCI,Animal Science,,1,4,2,,,,,,,,,36,66,1,1,3,1,115College of Agri Sci and Natl Resources,B1AP,APSC,Applied Science,2,,,1,,,,,,,,,25,7,1,,,,36College of Agri Sci and Natl Resources,B1BC,BIOC,Biochemistry,1,2,1,1,,,2,,,,,,10,8,1,,,,26College of Agri Sci and Natl Resources,B1ER,ENRS,Environmental Restoration Sci,1,,,,,,,,,,,,6,2,,,,,9College of Agri Sci and Natl Resources,B1ES,ENVR,Environmental Studies,,,1,1,1,1,,,,,,,9,13,,,1,,27College of Agri Sci and Natl Resources,B1FW,FWL,Fisheries and Wildlife,,,,,,,,,,,,,29,27,,,1,,57College of Agri Sci and Natl Resources,B1FS,FDST,Food Science and Technology,2,2,,,,,,1,,,,,4,9,,,,1,19College of Agri Sci and Natl Resources,B1FC,FTCA,Food Tech for Companion Animal,,,,,,,,,,,,,,3,,,,,3College of Agri Sci and Natl Resources,B1FO,FORS,Forensic Science,,,,1,,,1,,1,1,,,7,19,,,,1,31College of Agri Sci and Natl Resources,B1GE,GECM,Grassland Ecology & Management,,,,,,,,,,,,,1,,,,1,,2College of Agri Sci and Natl Resources,B1GL,GRLS,Grazing Livestock Systems,,,,,,,,,,,,,1,2,,,,,3College of Agri Sci and Natl Resources,B1HO,HORT,Horticulture,2,1,1,,,,,,,,,,12,11,,,1,1,29College of Agri Sci and Natl Resources,B1HR,HRTA,HRTM-(Ecotourism/Parks &Recreation Options Only),,,,,,,,,,,,,,1,,,,,1College of Agri Sci and Natl Resources,BAHR,HRTA,HRTM-(Ecotourism/Parks &Recreation Options Only),,,,,,,,,,,,,,5,,,,,5College of Agri Sci and Natl Resources,B1IS,INSC,Insect Science,,,,,,,,,,,,,,5,,,1,,6College of Agri Sci and Natl Resources,B1MS,MSYM,Mechanized Systems Management,1,,,,1,,,,,,,,37,,,,,,39College of Agri Sci and Natl Resources,B1MB,MBIO,Microbiology,,,,,,,,,,,,,5,3,,,,1,9College of Agri Sci and Natl Resources,B1NE,NREE,Natural Res & Environ Economic,,1,,,,,,,,,,,4,,,,,,5College of Agri Sci and Natl Resources,B1PM,PGAM,PGA Golf Management,,,2,,1,,,,,,,,21,2,1,,1,,28College of Agri Sci and Natl Resources,B1PB,PBIO,Plant Biology,,1,,,,,,,,,,,5,1,,,,,7College of Agri Sci and Natl Resources,B1TL,TLMT,Turfgrass and Landscape Mngt,,,1,,,,,,,,,,9,2,,,,,12College of Agri Sci and Natl Resources,B1VS,VBMS,Veterinary Science,,,,,,,,,,,,,5,9,,1,,,15College of Agri Sci and Natl Resources,B1VT,VETH,Veterinary Technology,,,,,,,,,,,,,1,2,,,,,3College of Agri Sci and Natl Resources,B1WS,WATR,Water Science,,1,1,,,,,,,,,,4,,,,1,,7College of Agri Sci and Natl Resources,NDEG,EXPS,General - CASNR,,,,,,,,,,,,,1,,,1,,,2College of Agri Sci and Natl Resources,NDEG,PVET,Pre-Veterinary Medicine,,,,,,,,,,,,,,2,,,,,2College of Agri Sci and Natl Resources,,,Total,11,9,11,7,3,1,3,1,2,1,,,354,260,4,3,13,6,689College of Architecture,BSD,ARCS,Architectural Studies,3,1,8,2,1,,1,,2,,,,32,10,,1,,1,62College of Architecture,BSD,IDES,Interior Design,1,1,,1,,,,1,,,,1,2,23,,4,,1,35College of Architecture,BLA,LAND,Landscape Architecture,,,,,,,,,,,,,4,2,,,,,6College of Architecture,NDEG,PARC,Pre-Architecture,,,,,,,,,,,,,1,,,1,,,2College of Architecture,NDEG,PINT,Pre-Interior Design,,,,1,,,,,,,,,,1,,,,,2College of Architecture,NDEG,PDSG,Pre-Interior Design (Omaha),,,,,,,,,,,,,,1,,,,,1College of Architecture,NDEG,PLAR,Pre-Landscape Architecture,,,,,,,,,,,,,1,,,,,,1College of Architecture,,,Total,4,2,8,4,1,,1,1,2,,,1,40,37,,6,,2,109College of Arts and Sciences,BA,AACTS,Actuarial Science,,,,,,,,,,,,,,1,,,,,1College of Arts and Sciences,BS,AACTS,Actuarial Science,7,2,1,,,,1,,,,,,8,4,,,,,23College of Arts and Sciences,BA,ANTH,Anthropology,,,,2,,,,,,,,,6,10,,1,,,19College of Arts and Sciences,BS,ANTH,Anthropology,,,,,,,,,,,,,3,5,,,,,8College of Arts and Sciences,BS,ABIOC,Biochemistry,,2,1,3,,,3,3,1,,,,28,12,2,1,,,56College of Arts and Sciences,BS,BIOS,Biological Sciences,3,2,4,5,1,,,5,1,1,1,1,60,62,2,2,2,1,153College of Arts and Sciences,BA,CHEM,Chemistry,,,,1,,,1,,,,,,6,5,,,,,13College of Arts and Sciences,BS,CHEM,Chemistry,,1,,,,,1,,,,,,12,7,1,,1,,23College of Arts and Sciences,BA,CLRS,Classics and Religious Studies,,,,,,,,,,,,,3,4,,,,,7College of Arts and Sciences,BS,CLRS,Classics and Religious Studies,,,,,,,,,1,,,,,,,,,,1College of Arts and Sciences,BA,COMM,Communication Studies,,,,1,,,,,2,1,,,17,28,,,,1,50College of Arts and Sciences,BS,COMM,Communication Studies,,,,,,,,,,,,,,1,,,,,1College of Arts and Sciences,BS,COMP,Computer Science,12,3,4,,,,6,1,1,,,,62,8,4,2,2,,105College of Arts and Sciences,BA,AECON,Economics,,1,2,,,,,1,,,,,7,1,1,,,,13College of Arts and Sciences,BS,AECON,Economics,1,,,,,,1,,,,,,1,,,,,,3College of Arts and Sciences,BA,ENGL,English,,,,4,,,1,,,2,,,25,36,1,4,,2,75College of Arts and Sciences,BS,ENGL,English,,,,,,,,,,,,,1,1,,,,,2College of Arts and Sciences,BA,AENVR,Environmental Studies,,,,,,,,,,,,,,1,,,,1,2College of Arts and Sciences,BS,AENVR,Environmental Studies,,,,,,,,,,,,,2,1,,,,,3College of Arts and Sciences,BA,ETHN,Ethnic Studies,,1,1,,,,,,3,,,,,,,,,,5College of Arts and Sciences,BA,FILM,Film Studies,,,,,,,,,,,,,1,1,,,1,,3College of Arts and Sciences,BA,FREN,French,,,,,,,,,,,,,,2,,,,,2College of Arts and Sciences,BA,GEOG,Geography,,,,1,,,,,,,,,3,,,,,,4College of Arts and Sciences,BS,GEOG,Geography,,,,,,,,,,,,,5,2,,,,,7College of Arts and Sciences,BA,GEOL,Geology,,,,,,,,,,,,,2,,,,1,,3College of Arts and Sciences,BS,GEOL,Geology,,1,,,,,,,,1,,,7,4,,,,,13College of Arts and Sciences,BA,GERM,German,,,,,,,,,,,,,3,2,,,,,5College of Arts and Sciences,BS,GERM,German,,,,,,,,,,,,,1,,,,,,1College of Arts and Sciences,BA,GLST,Global Studies,,2,2,1,,,,2,,,,,6,12,2,1,1,1,30College of Arts and Sciences,BS,GLST,Global Studies,,1,1,,,,,,,,,,,1,,,,,3College of Arts and Sciences,BA,GPSP,Great Plains Studies Program,,,,,,,,,,,,,1,,,,,,1College of Arts and Sciences,BA,HIST,History,1,,,,,,,,,2,,,39,15,,1,,,58College of Arts and Sciences,BS,HIST,History,,,,,,,,,,,,,4,,,,,,4College of Arts and Sciences,BA,LAMS,Latin American Studies,,,,,,,,,,,,,1,,,,,,1College of Arts and Sciences,BA,MATH,Mathematics,1,,1,1,,,,,,,,,4,1,1,,,,9College of Arts and Sciences,BS,MATH,Mathematics,5,1,,,,,2,,,,,,21,5,1,1,1,,37College of Arts and Sciences,BS,METR,Meteorology-Climatology,,,,,,,,,,,,,11,4,,,,,15College of Arts and Sciences,BS,MBIO,Microbiology,1,1,,1,,,1,,,,,,6,3,,,1,,14College of Arts and Sciences,BA,PHIL,Philosophy,,,,,,,,,,,,,4,3,,,,,7College of Arts and Sciences,BS,PHIL,Philosophy,,,1,,,,,,,,,,,,,,,,1College of Arts and Sciences,BA,PHYS,Physics,,,,,,,,,,,,,1,1,,,,,2College of Arts and Sciences,BS,PHYS,Physics,,,,1,,,,,,,,,17,3,2,,1,,24College of Arts and Sciences,BS,PBIO,Plant Biology,,,,,,,,,,,,,1,,,,,,1College of Arts and Sciences,BA,POLS,Political Science,2,,1,3,,1,2,,3,,,,33,17,1,3,2,1,69College of Arts and Sciences,BS,POLS,Political Science,,,,,,,,,,,,,2,,,,,,2College of Arts and Sciences,BA,PSYC,Psychology,2,4,3,9,,1,1,,1,5,,,43,130,3,4,1,2,209College of Arts and Sciences,BS,PSYC,Psychology,,,,1,,,,3,,,,,11,10,,2,1,,28College of Arts and Sciences,BA,RUSS,Russian,,,1,,,,,,,,,,,1,,,,,2College of Arts and Sciences,BA,SOCI,Sociology,,,,2,1,,,1,8,3,,,11,6,1,,1,,34College of Arts and Sciences,BS,SOCI,Sociology,,,,,,,,,,,,,,1,,1,,,2College of Arts and Sciences,BA,SPAN,Spanish,,,2,4,,,,,,,,,12,16,,,1,,35College of Arts and Sciences,BS,SPAN,Spanish,,,,,,,,,,,,,3,2,,,,,5College of Arts and Sciences,BA,SLPA,Speech-Language Path & Audio,,,,1,,,,,,,,,1,1,,,,,3College of Arts and Sciences,BA,WGST,Women's & Gender Studies,,,,,,1,,,,,,,,1,,,,,2College of Arts and Sciences,NDEG,UNDL,Undeclared - Undergraduate,,,,,,,,,,,,,1,,,,,,1College of Arts and Sciences,,,Total,35,22,25,41,2,3,20,16,21,15,1,1,496,431,22,23,17,9,"1,200"College of Business Administration,BSBA , ACCG   ,Accounting,7,20,3,8,,,4,3,1,1,,,77,39,1,4,2,,170College of Business Administration,BSBA ,JEAC,Accounting (Raikes progam only),,,,,,,,,,,,,,1,,,,,1College of Business Administration,BSBA , ACTS,Actuarial Science,20,15,,1,,,1,,,,,,29,11,,1,1,,79College of Business Administration,BSBA ,JEAS,Actuarial Science (Raikes progam only),,,,,,,,,,,,,3,1,,,,,4College of Business Administration,BSBA,BABUS  ,Agribusiness,,,,,,,,,,,,,8,2,,,,,10College of Business Administration,BSBA,BSAD,Business Administration,9,6,4,3,,,1,1,1,,,,94,40,,2,5,1,167College of Business Administration,BSBA,ECON   ,Economics,3,1,,3,,,,,,1,,,33,9,,2,,,52College of Business Administration,BSBA,JEEC,Economics (Raikes progam only),,,,,,,,,,,,,1,,,,,,1College of Business Administration,BSBA,FINA,Finance,35,22,4,1,1,,2,4,,,1,,54,9,2,,1,,136College of Business Administration,BSBA,FINB,Finance (Banking & Fin Inst),2,3,,,,1,,1,,,,,10,2,,,,,19College of Business Administration,BSBA,FINI,Finance (CFA-Investments),,1,,,,,,,,,,,8,1,,,,,10College of Business Administration,BSBA,JEFN,Finance (Raikes progam only),,,,,,,,,,,,,1,,,,,,1College of Business Administration,BSBA,FINR,Finance (Risk Mngt/Insurance),1,,,,,,,,,,,,2,2,,,,,5College of Business Administration,BSBA,IBUS,International Business,1,1,,,,,,,,1,,,6,9,1,1,1,1,22College of Business Administration,BSBA,JEIB,International Business (Raikes progam only),,,,,,,,,,,,,,1,,,,,1College of Business Administration,BSBA,MNGT,Management,5,2,2,7,,,2,2,,1,,,43,16,1,,4,2,87College of Business Administration,BSBA,MNEI,Management (Entr/Innov),,,1,,,,,,,,,,13,7,,,,,21College of Business Administration,BSBA,MNHR,Management (HR),,2,1,,,,,,,,,,2,8,,1,1,,15College of Business Administration,BSBA,MNLO,Management (Leadership),,,,,,,,,1,,,,3,4,,,,,8College of Business Administration,BSBA,MRKT,Marketing,,5,3,2,,,2,2,1,,,,74,48,,1,1,1,140College of Business Administration,BSBA,JEMK,Marketing (Raikes progam only),,,,,,,,,,,,,1,,,,,,1College of Business Administration,BSBA,SCMS,Supply Chain Management,,,2,2,,,1,,,,,,15,7,,,1,,28College of Business Administration,,,Total,83,78,20,27,1,1,13,13,4,4,1,,477,217,5,12,17,5,978College of Education and Human Sciences,BSEH,ATHT,Athletic Training,1,,1,,,,,,,,,,8,5,,,,,15College of Education and Human Sciences,BSEH,BMIT,"Business, Marketing & IT",,,,,,,,,,,,,5,1,,,,,6College of Education and Human Sciences,BSEH,CYCE,"Child, Youth & Family Studies",,,,,,1,,,,,,,,1,,,,,2College of Education and Human Sciences,BSEH,CYCD,CYAF-(Child Dev/Early Childhood Ed),,,,,,,,1,,1,,,3,4,,,,1,10College of Education and Human Sciences,BSEH,CYFC,CYAF-(Fam & Consumer Sci Ed),,,,,,,,,,,,,,8,,,,1,9College of Education and Human Sciences,BSEH,CYFJ,CYAF-(Family & Cons Sci/JMC),,,1,,,,,,,,,,,2,,,,,3College of Education and Human Sciences,BSEH,CYFA,CYAF-(Family Science),,4,1,4,,,,3,2,6,,,14,61,,3,,2,100College of Education and Human Sciences,BSEH,CYEC,CYAF-(Inclusive Early Childhood Education),,,,,,1,,,,,,,,30,,2,,,33College of Education and Human Sciences,BSEH,ERSS,Earth & Space Science 7-12,,,,,,,,,,,,,,1,,,,,1College of Education and Human Sciences,BSEH,ECED,Elem Educ & Early Child Educ,,,,1,,,,,,,,,,15,,,,1,17College of Education and Human Sciences,BSEH,SPM7,Elem Educ & Special Educ K-6,,1,,2,,,,1,,,,,3,54,,1,,3,65College of Education and Human Sciences,BSEH,ELED,Elementary Education,,,,5,,3,,,2,,,,23,111,,4,1,1,150College of Education and Human Sciences,BSEH,EENGL,English,,,1,,,,,,,,,,2,10,,,,1,14College of Education and Human Sciences,BSEH,ELAT,English Language Arts,,,,,,,,,,,,,,2,,,,,2College of Education and Human Sciences,BAHR,HRTM,"Hospit, Rest & Tour Mngt",,1,,,,,,1,,2,,,2,20,1,,,,27College of Education and Human Sciences,BHRT,HRTM,"Hospit, Rest & Tour Mngt",1,1,,,,,,,1,,,,5,27,1,,,2,38College of Education and Human Sciences,BSEH,EMATH,Mathematics,,,1,,,,,,,,,,6,6,,,1,1,15College of Education and Human Sciences,BSEH,NTSC,Natural Science,,,,,,,,,,,,,1,3,,,,,4College of Education and Human Sciences,BSEH,CULS,NUTR-(Culinology),,,,,,,,,2,,,,1,2,,,,,5College of Education and Human Sciences,BSEH,DIET,NUTR-(Dietetics),,2,2,1,,,,4,1,1,,,7,48,,2,,2,70College of Education and Human Sciences,BSEH,NEHS,"NUTR-(Nutrition, Exercise & Health Science)",,2,2,1,1,,,,2,,,,58,63,1,,,1,131College of Education and Human Sciences,BSEH,NTRS,NUTR-(Nutritional Science),,,,1,,,1,2,1,,,,19,18,2,,,,44College of Education and Human Sciences,BSEH,SCIE,Science 7-12,,,,,,,,,,,,,2,,,,,,2College of Education and Human Sciences,BSEH,SENG,Secondary English Grades 7-12,,,,,,,,,,,,,,1,,,,,1College of Education and Human Sciences,BSEH,SSCI,Social Science,,,1,,,,,,,,,,7,7,,,,,15College of Education and Human Sciences,BSEH,ESPAN,Spanish,1,,1,1,,,,,,,,,,2,,,,,5College of Education and Human Sciences,BSEH,SPM8,Special Education 7-12,,,,,,,,,,,,,2,7,,2,,,11College of Education and Human Sciences,BSEH,SPLP,Speech-Language Pathologist,,,,1,,,,,,,,,1,46,,,,,48College of Education and Human Sciences,BSEH,TCOM,Textiles Merch & Fashion Desgn,,,,,,,,,,,,,,6,,,,,6College of Education and Human Sciences,BSEH,TDES,Textiles Merch & Fashion Desgn,,,,,,,,,,1,,,,6,,,,1,8College of Education and Human Sciences,BSEH,TMER,Textiles Merch & Fashion Desgn,,,,1,,,,,,1,,,1,16,,,,,19College of Education and Human Sciences,NDEG,P002,Pre Biology,,,,,,,,,,,,,1,1,,,,,2College of Education and Human Sciences,NDEG,P061,"Pre Business, Marketing & IT",,,,,,,,,,,,,,1,,,,,1College of Education and Human Sciences,NDEG,P064,Pre Elem Ed & Special Ed K-6,,,,,,,,,,1,,,1,1,,,,,3College of Education and Human Sciences,NDEG,P011,Pre Elem Educ Early Child Educ,,,,,,,,,,,,,,3,,,,,3College of Education and Human Sciences,NDEG,P009,Pre Elementary Education,,,,1,,,,,,1,,,1,8,,,,,11College of Education and Human Sciences,NDEG,P066,Pre English Language Arts,,,,1,,,,,,,,,,1,,,,,2College of Education and Human Sciences,NDEG,P056,Pre Family & Consumer Sci Educ,,,,,,,,,,,,,,4,,,,,4College of Education and Human Sciences,NDEG,P050,Pre Inclusive Early Child Ed,,,,,,,,,,,,,,3,,,,,3College of Education and Human Sciences,NDEG,P030,Pre Mathematics,,,1,,,,,,,,,,3,3,,,,,7College of Education and Human Sciences,NDEG,P062,Pre Science 7-12,,,,,,,,,,,,,3,3,,,,,6College of Education and Human Sciences,NDEG,P041,Pre Social Science,,,1,,,,,,,,,,10,2,,,1,,14College of Education and Human Sciences,NDEG,P042,Pre Spanish,,,,,,,,,,,,,,2,,,,,2College of Education and Human Sciences,NDEG,P046,Pre Speech-Language Pathology,,,,,,,,,,,,,2,,,,,,2College of Education and Human Sciences,NDEG,EPPT,Pre-Physical Therapy,,,,,,,,,,,,,,1,,,,,1College of Education and Human Sciences,,,Total,3,11,13,20,1,5,1,12,11,14,,,191,616,5,14,3,17,937College of Engineering,BSAE ,AENG,Agricultural Engineering,,,,,,,,,,,,,14,3,,,,,17College of Engineering,BSAR,AE,Architectural Engr (Omaha),4,1,2,,,,,,1,,,,27,13,,,,,48College of Engineering,BSBS,BSE,Biological Systems Engineering,1,3,,1,,,2,,1,2,,,36,35,2,2,1,1,87College of Engineering,BSCH,CHME,Chemical Engineering,6,1,2,1,,,4,2,,,,,52,17,,,1,1,87College of Engineering,BSCE,CIVE,Civil Engineering,4,,3,1,,,1,,,1,,,62,11,1,,3,,87College of Engineering,BSCE,CIVE,Civil Engineering (Omaha),2,,5,,,,3,1,5,,,,50,7,,,8,,81College of Engineering,BSCP,CENG,Computer Engineering,1,,,,,,5,1,1,,,,41,4,,,,,53College of Engineering,BSCP,CENG,Computer Engineering (Omaha),,,2,,,,2,,2,,,,27,,2,,3,1,39College of Engineering,BSCN,CONE,Construction Engineering,,,,,,,,,,,,,5,,,,,,5College of Engineering,BSCN,CONE,Construction Engr (Omaha),,,1,,,,,,1,1,,,8,,,,,,11College of Engineering,BSCM,CNST,Construction Management,,,3,1,,,1,,1,,,,64,,,1,2,,73College of Engineering,BSCM,CNST,Construction Managemnt (Omaha),,,1,,,,,,2,,,,40,2,1,,1,,47College of Engineering,BSEE,ELEC,Electrical Engineering,13,4,4,,,,4,1,2,,,,70,1,3,,4,,106College of Engineering,BSEE,ELEC,Electrical Engineering (Omaha),,,,,,,,,1,,,,,,,,,,1College of Engineering,BSEL,EENG,Electronics Engr (Omaha),6,,,1,,,1,1,5,,,,16,,,,1,,31College of Engineering,BSME,MECH,Mechanical Engineering,10,,13,,,,5,,3,,,,158,15,2,1,5,,212College of Engineering,NDEG,ELEC,Pre-Electrical Engr (Omaha),1,,,,,,,,,,,,,,,,,,1College of Engineering,NDEG,PENG,Pre-Engineering (Omaha),,,,,,,,,1,,,,,,,,,,1College of Engineering,NDEG,MENG,Pre-Mechanical Engr (Omaha),,,,,,,,1,,1,,,1,,,,,,3College of Engineering,,,Total,48,9,36,5,,,28,7,26,5,,,671,108,11,4,29,3,990College of Fine and Performing Arts,BA,ART,Art,,,2,2,,,,2,,1,,,11,26,,,,2,46College of Fine and Performing Arts,BFA,ART,Art,1,,1,2,,,2,3,,,,,21,28,1,3,,,62College of Fine and Performing Arts,BA,AHCR,Art History and Criticism,,,,,,,,,,,,,1,4,,1,1,,7College of Fine and Performing Arts,BA,DANC,Dance,,,,2,,,,,,,,,,2,,,,,4College of Fine and Performing Arts,BA,MUSC,Music,,,,,,,1,,,,,,4,4,,,,,9College of Fine and Performing Arts,BM,MUSC,Music,,,1,,,,,,,,,,9,11,1,,,,22College of Fine and Performing Arts,BMED,MUED,Music Education,1,,1,1,,1,,,,,,,16,11,1,1,3,,36College of Fine and Performing Arts,BFA,TTDE,THEA-(Design/Technical Production),,,,,,,,,,,,,2,4,,1,,1,8College of Fine and Performing Arts,BFA,TFNM,THEA-(Film and New Media),,,,,,,,,,,,,5,3,,,,,8College of Fine and Performing Arts,BA,TPER,THEA-(Performance),,,,,,,,,,,,,6,5,,,,,11College of Fine and Performing Arts,BA,TDMT,Theatre,,,,,,,,,,,,,1,5,,,,,6College of Fine and Performing Arts,,,Total,2,,5,7,,1,3,5,,1,,,76,103,3,6,4,3,219College of Journalism & Mass Comm,BJ,ADPR,Advertising & Public Relations,3,4,6,7,1,,,2,1,1,,,58,84,1,4,4,2,178College of Journalism & Mass Comm,BJ,BRDC,Broadcasting,,,1,3,,,2,,1,3,,,31,14,,,2,,57College of Journalism & Mass Comm,BJ,JOUR,Journalism,,1,1,2,,,,,,,,,21,23,1,2,,,51College of Journalism & Mass Comm,,,Total,3,5,8,12,1,,2,2,2,4,,,110,121,2,6,6,2,286Undecided Undergraduate,NDEG,INTT,Credit IEP Program,1,,,,,,,,,,,,,1,,,,,2Undecided Undergraduate,NDEG,PHLT,Pre-Health,,,,1,,,,,,,,,6,2,1,1,,,11Undecided Undergraduate,NDEG,UNDL,Undeclared - Undergraduate,6,1,1,3,,,2,,4,1,,,12,11,1,,1,,43Undecided Undergraduate,,,Total,7,1,1,4,,,2,,4,1,,,18,14,2,1,1,,56Visitors,NDEG,MCUG,Intercampus - UNMC Undergrad,,,,,,,,,,,,,1,1,,,,,2Visitors,,,Total,,,,,,,,,,,,,1,1,,,,,2All Undergraduate Students,,,Total,196,137,127,127,9,11,73,57,72,45,2,2,"2,434","1,908",54,75,90,47,"5,466"